Region,Industry,Number_of_firms,ROE,EPS_Growth,PE,PBV,PS,Beta,Cost_of_Equity,CEO_holding,Institutional_holding
US,Advertising,48,22.55%,0.20%,35.59,5.54,1.01,1.22,9.93%,6.02%,33.30%
US,Aerospace/Defense,85,32.01%,19.82%,43.13,5.75,1.54,1.24,10.07%,3.07%,56.84%
US,Air Transport,18,27.62%,23.57%,7.05,2.46,0.69,1.02,8.77%,2.41%,73.51%
US,Apparel,50,11.32%,4.56%,35.79,3.09,1.27,0.93,8.23%,8.79%,54.55%
US,Auto & Truck,14,7.32%,1.42%,7.12,1.63,0.42,0.79,7.41%,9.08%,67.85%
US,Auto Parts,52,20.40%,16.99%,21.63,1.91,0.52,1.17,9.63%,4.10%,59.24%
US,Bank (Money Center),10,8.42%,5.55%,15.34,1.02,2.74,0.71,6.93%,0.34%,50.29%
US,Banks (Regional),633,11.48%,8.36%,26.26,1.17,3.32,0.57,6.07%,2.04%,36.43%
US,Beverage (Alcoholic),31,25.34%,20.38%,19.56,2.48,2.92,1.3,10.42%,3.50%,40.05%
US,Beverage (Soft),37,24.29%,-4.31%,60.1,7.38,3.84,1.18,9.70%,2.51%,21.78%
US,Broadcasting,24,82.32%,70.67%,7.44,3.53,1.09,1.02,8.76%,8.41%,60.02%
US,Brokerage & Investment Banking,38,11.46%,8.78%,81.87,1.14,1.72,1.21,9.87%,4.29%,68.75%
US,Building Materials,42,19.57%,16.00%,89.6,2.94,0.99,1.1,9.21%,2.14%,69.26%
US,Business & Consumer Services,168,20.11%,14.86%,52.88,3.91,1.48,1.22,9.94%,6.40%,49.88%
US,Cable TV,14,36.40%,32.64%,10.38,1.86,1.79,1.13,9.43%,0.43%,58.85%
US,Chemical (Basic),39,29.23%,24.00%,17.43,1.8,0.72,1.55,11.92%,8.85%,41.50%
US,Chemical (Diversified),6,5.02%,0.85%,26.28,1.28,1.27,1.82,13.51%,1.28%,75.73%
US,Chemical (Specialty),89,16.73%,11.15%,40.4,3.22,1.88,1.17,9.65%,1.89%,56.20%
US,Coal & Related Energy,23,21.78%,19.19%,156.82,1.38,0.55,1.17,9.64%,3.31%,32.58%
US,Computer Services,119,16.46%,6.03%,130.26,3.07,0.78,1.27,10.25%,5.26%,47.34%
US,Computers/Peripherals,57,33.65%,24.98%,79.02,5.27,1.76,1.68,12.69%,3.47%,46.61%
US,Construction Supplies,48,22.72%,15.86%,19.07,2.95,1.07,1.45,11.34%,5.94%,70.33%
US,Diversified,23,9.23%,6.96%,26.69,1.71,1.76,1.36,10.78%,3.41%,64.68%
US,Drugs (Biotechnology),481,-1.57%,-1.57%,32.19,6.24,5.87,1.51,11.69%,3.68%,37.36%
US,Drugs (Pharmaceutical),237,12.55%,0.24%,69.2,4.85,4.37,1.47,11.41%,4.23%,29.17%
US,Education,35,11.16%,10.68%,43.96,2.41,1.77,1.28,10.29%,7.63%,47.03%
US,Electrical Equipment,116,18.97%,6.32%,356.28,3.81,1.79,1.32,10.56%,5.15%,35.09%
US,Electronics (Consumer & Office),19,-33.49%,-33.49%,32.57,5.31,1.34,1.19,9.78%,14.57%,26.00%
US,Electronics (General),160,4.16%,1.72%,82.69,2.66,1.49,1.02,8.74%,4.59%,42.57%
US,Engineering/Construction,52,9.33%,7.77%,32.89,1.42,0.43,1.01,8.68%,4.10%,65.11%
US,Entertainment,120,21.71%,17.36%,47.69,3.91,3.02,1.33,10.61%,9.34%,43.96%
US,Environmental & Waste Services,91,17.95%,11.48%,49.7,3.5,1.97,1.19,9.78%,7.10%,39.34%
US,Farming/Agriculture,33,13.31%,8.56%,25.27,2.07,0.58,0.72,6.95%,3.46%,49.99%
US,Financial Svcs. (Non-bank & Insurance),259,0.12%,0.10%,320.15,1.86,2.4,0.7,6.87%,4.15%,38.64%
US,Food Processing,83,19.49%,12.69%,25.91,1.97,1.39,0.81,7.51%,9.75%,48.37%
US,Food Wholesalers,18,27.62%,19.23%,22.45,4.29,0.37,1.62,12.36%,6.80%,58.65%
US,Furn/Home Furnishings,30,6.33%,2.84%,17.41,1.98,0.68,0.88,7.95%,10.33%,52.79%
US,Green & Renewable Energy,21,5.63%,-2.78%,14.02,1.09,3.73,1.62,12.34%,11.38%,40.17%
US,Healthcare Products,248,6.15%,3.03%,91.47,4.36,4.49,1.12,9.37%,4.46%,42.52%
US,Healthcare Support Services,111,16.73%,12.58%,234.53,3.15,0.52,1.15,9.56%,7.28%,49.41%
US,Heathcare Information and Technology,119,10.95%,10.12%,84.08,4.14,4.03,1.29,10.36%,6.87%,51.04%
US,Homebuilding,31,17.04%,15.62%,15.18,1.23,0.66,0.98,8.53%,6.47%,74.15%
US,Hospitals/Healthcare Facilities,34,13.84%,5.68%,23.68,6.1,0.61,1.12,9.34%,5.35%,60.39%
US,Hotel/Gaming,70,31.85%,22.00%,33.65,2.87,2.08,1.01,8.68%,7.67%,59.66%
US,Household Products,141,13.42%,-0.31%,37.01,5.59,2.56,1.13,9.42%,12.84%,35.01%
US,Information Services,71,30.29%,23.49%,41.23,7.45,5.75,1.12,9.36%,6.11%,61.64%
US,Insurance (General),20,-1.49%,-1.49%,18.83,1.16,1.16,0.87,7.88%,2.38%,69.66%
US,Insurance (Life),23,11.93%,9.46%,9.69,0.82,0.74,1.11,9.29%,0.69%,71.30%
US,Insurance (Prop/Cas.),50,14.03%,10.58%,27.34,1.56,1.12,0.74,7.09%,2.32%,60.01%
US,Investments & Asset Management,172,16.18%,10.74%,79.02,1.36,2.68,1.1,9.26%,9.77%,43.58%
US,Machinery,127,17.24%,11.88%,74.54,3.31,1.63,1.17,9.66%,2.43%,67.42%
US,Metals & Mining,94,16.62%,11.40%,81,1.73,1.1,1.32,10.56%,9.93%,17.18%
US,Office Equipment & Services,24,17.35%,8.93%,39.48,2.37,0.58,1.81,13.49%,3.43%,54.91%
US,Oil/Gas (Integrated),5,11.82%,4.85%,24.2,1.46,1.21,1.16,9.58%,0.01%,68.45%
US,Oil/Gas (Production and Exploration),301,8.98%,6.89%,32.47,1.3,1.83,1.45,11.34%,6.32%,38.55%
US,Oil/Gas Distribution,20,6.75%,-3.91%,61.25,1.36,1.74,1.07,9.06%,6.45%,52.81%
US,Oilfield Svcs/Equip.,134,10.19%,5.44%,16.61,1.17,0.47,1.33,10.59%,3.59%,60.09%
US,Packaging & Container,27,27.34%,19.64%,18.82,2.62,0.83,1.07,9.09%,8.52%,72.77%
US,Paper/Forest Products,20,8.45%,4.92%,34.16,1.21,0.45,1.4,11.00%,0.75%,64.23%
US,Power,51,9.27%,3.08%,23,1.68,1.99,0.54,5.92%,0.78%,66.73%
US,Precious Metals,91,-2.95%,-2.95%,13.5,1.4,2.88,1.19,9.78%,6.27%,22.32%
US,Publishing & Newspapers,33,-2.30%,-2.28%,93.78,1.25,0.58,1.26,10.16%,1.76%,63.61%
US,R.E.I.T.,238,9.49%,-2.89%,46.15,1.88,5.66,0.68,6.72%,1.55%,75.53%
US,Real Estate (Development),18,5.36%,5.36%,26.5,1.3,4.68,1.19,9.80%,12.35%,42.23%
US,Real Estate (General/Diversified),11,18.28%,17.22%,7.79,0.82,3.9,1.36,10.81%,9.05%,51.86%
US,Real Estate (Operations & Services),59,15.87%,13.36%,57.46,2.05,0.92,1.35,10.70%,11.18%,37.85%
US,Recreation,72,9.03%,0.67%,28.89,3.86,1.47,0.98,8.51%,8.67%,53.53%
US,Reinsurance,2,16.74%,15.91%,53.74,1.04,0.9,0.97,8.46%,0.24%,90.52%
US,Restaurant/Dining,78,0.13%,0.07%,29.24,NA,2.66,0.8,7.44%,5.30%,63.59%
US,Retail (Automotive),24,41.49%,39.96%,14.08,5.12,0.56,1.15,9.56%,1.19%,73.76%
US,Retail (Building Supply),17,95.94%,56.95%,107.02,19.28,1.35,1.12,9.34%,2.12%,75.03%
US,Retail (Distributors),88,22.71%,17.76%,223.13,2.4,0.71,1.44,11.26%,7.99%,57.18%
US,Retail (General),19,14.10%,5.76%,20.46,3.73,0.54,0.91,8.12%,4.01%,76.94%
US,Retail (Grocery and Food),12,41.64%,36.54%,14.6,2.69,0.21,0.45,5.37%,14.46%,50.67%
US,Retail (Online),79,29.66%,29.47%,51.8,6.11,3.07,1.42,11.12%,9.67%,48.74%
US,Retail (Special Lines),91,24.37%,16.04%,25.19,3.88,0.65,1.07,9.06%,3.56%,64.60%
US,Rubber& Tires,4,8.23%,5.68%,15.36,1.04,0.35,0.42,5.17%,4.62%,53.06%
US,Semiconductor,72,23.01%,15.11%,71.23,3.72,3.4,1.34,10.64%,2.18%,61.20%
US,Semiconductor Equip,41,26.22%,20.67%,81.96,3.52,1.88,1.39,10.96%,2.14%,62.87%
US,Shipbuilding & Marine,9,10.30%,9.61%,14.63,1.17,1.12,1.08,9.10%,17.53%,35.82%
US,Shoe,10,16.54%,8.42%,1304.34,9.3,2.66,0.75,7.18%,2.38%,69.96%
US,Software (Entertainment),92,15.31%,15.31%,55.21,4.3,5.92,1.26,10.18%,8.32%,36.27%
US,Software (Internet),44,5.52%,5.52%,55.08,14.04,5.72,1.46,11.37%,7.29%,49.32%
US,Software (System & Application),355,13.47%,5.58%,276.6,8.03,6.42,1.23,10.00%,6.93%,45.24%
US,Steel,37,27.10%,22.89%,18.76,1.39,0.47,1.62,12.33%,2.81%,61.37%
US,Telecom (Wireless),21,27.69%,27.48%,88.79,1.44,1.02,1.26,10.21%,1.13%,47.82%
US,Telecom. Equipment,98,2.24%,-4.54%,121,4.07,3.04,1.09,9.18%,4.61%,50.87%
US,Telecom. Services,67,36.99%,22.60%,42.83,1.75,1.38,1.22,9.94%,4.60%,34.01%
US,Tobacco,17,-2.52%,-0.77%,15.49,28.74,3.58,1.29,10.37%,3.01%,40.20%
US,Transportation,19,45.36%,32.06%,22.97,4.66,0.84,1.14,9.49%,6.10%,81.54%
US,Transportation (Railroads),10,51.74%,43.94%,60.88,3.56,4.12,2.47,17.39%,0.13%,60.35%
US,Trucking,28,29.77%,27.66%,11.74,2.01,0.66,1.22,9.94%,3.77%,64.73%
US,Utility (General),18,12.17%,4.42%,28.43,1.96,2.16,0.27,4.27%,0.11%,77.24%
US,Utility (Water),19,9.40%,9.50%,76.69,3.05,5.17,0.42,5.21%,0.56%,43.25%
EUR,Advertising,87,15.08%,8.99%,27.83,1.41,1.2,0.86,8.78%,10.47%,32.24%
EUR,Aerospace/Defense,46,21.83%,14.41%,30.91,3.81,1.15,1.28,11.76%,4.27%,39.28%
EUR,Air Transport,38,20.05%,13.36%,14.86,1.98,0.74,0.93,9.30%,6.12%,29.92%
EUR,Apparel,122,19.93%,11.80%,18.99,3.43,2.35,0.9,9.11%,10.13%,19.42%
EUR,Auto & Truck,25,15.33%,10.19%,26.97,0.88,0.34,1.26,11.64%,13.82%,14.68%
EUR,Auto Parts,55,14.05%,8.72%,11.39,1.58,0.44,1.45,13.00%,5.03%,34.32%
EUR,Bank (Money Center),126,6.68%,3.18%,12.54,0.65,2.07,1.16,10.93%,0.12%,26.49%
EUR,Banks (Regional),69,6.76%,4.60%,14.23,0.6,3.06,0.57,6.75%,1.49%,18.66%
EUR,Beverage (Alcoholic),53,12.34%,3.54%,52.73,2.31,2.4,0.65,7.27%,8.89%,23.66%
EUR,Beverage (Soft),16,12.36%,5.42%,26.73,3.1,1.67,0.65,7.29%,4.63%,40.33%
EUR,Broadcasting,25,22.91%,4.81%,54.52,2.26,1.1,0.96,9.53%,11.14%,27.94%
EUR,Brokerage & Investment Banking,68,10.94%,2.31%,46.07,1.73,0.85,1.05,10.12%,15.21%,26.30%
EUR,Building Materials,83,12.30%,7.10%,16.52,1.82,0.97,1.03,10.03%,6.39%,36.25%
EUR,Business & Consumer Services,206,20.85%,9.41%,143.09,3.78,1.01,0.99,9.70%,10.47%,41.15%
EUR,Cable TV,8,15.73%,12.66%,21.08,6.85,0.83,1.19,11.13%,0.14%,32.17%
EUR,Chemical (Basic),55,39.93%,28.10%,21.62,2.14,0.87,0.98,9.63%,11.00%,28.70%
EUR,Chemical (Diversified),7,15.30%,7.83%,20.03,1.31,0.76,1.51,13.40%,0.13%,31.72%
EUR,Chemical (Specialty),98,14.79%,7.87%,27.08,3.03,1.79,1.18,11.09%,3.28%,34.02%
EUR,Coal & Related Energy,15,12.58%,9.32%,74.89,0.75,0.92,0.91,9.15%,3.46%,41.91%
EUR,Computer Services,217,20.24%,11.88%,36.2,3.47,1.05,1.09,10.40%,12.81%,30.27%
EUR,Computers/Peripherals,39,44.19%,22.96%,26.4,3.44,1.06,1.14,10.76%,8.09%,26.17%
EUR,Construction Supplies,102,10.22%,5.69%,28.56,1.35,0.81,1.05,10.16%,4.41%,25.04%
EUR,Diversified,64,9.58%,6.63%,13.88,0.87,0.66,1.24,11.50%,5.50%,20.17%
EUR,Drugs (Biotechnology),194,6.11%,4.68%,105.35,2.33,4.89,1.43,12.82%,3.27%,23.17%
EUR,Drugs (Pharmaceutical),112,14.92%,4.93%,29.61,2.72,3.08,1.23,11.45%,4.23%,32.50%
EUR,Education,10,9.18%,7.86%,25.55,1.57,0.61,1.75,15.10%,3.09%,38.11%
EUR,Electrical Equipment,127,11.90%,5.82%,91.39,1.87,1.11,1.36,12.38%,7.43%,29.23%
EUR,Electronics (Consumer & Office),17,12.52%,5.22%,23.63,2.67,1.95,1.4,12.65%,7.23%,27.79%
EUR,Electronics (General),154,18.24%,12.76%,42.1,2.49,1.81,1.26,11.65%,6.17%,29.88%
EUR,Engineering/Construction,147,9.52%,2.30%,140.8,1.72,0.42,1.13,10.75%,12.01%,28.48%
EUR,Entertainment,132,0.93%,-2.09%,88.72,2.81,2.21,1.14,10.78%,15.75%,22.89%
EUR,Environmental & Waste Services,48,10.04%,2.73%,18.87,3.09,0.81,0.96,9.48%,13.39%,34.85%
EUR,Farming/Agriculture,43,11.51%,7.26%,50.04,1.74,0.56,0.74,7.94%,4.08%,21.21%
EUR,Financial Svcs. (Non-bank & Insurance),123,6.31%,4.26%,19.21,0.55,1.49,0.96,9.54%,8.85%,37.83%
EUR,Food Processing,141,12.46%,5.11%,19.42,2.86,1.63,0.72,7.82%,7.58%,23.72%
EUR,Food Wholesalers,15,8.10%,0.56%,14.09,0.38,0.09,0.47,6.02%,16.11%,21.15%
EUR,Furn/Home Furnishings,45,15.26%,7.59%,27.2,2.12,0.69,0.9,9.07%,9.70%,28.45%
EUR,Green & Renewable Energy,51,3.94%,2.01%,67.09,1.17,2.83,0.88,8.95%,7.07%,17.84%
EUR,Healthcare Products,170,8.67%,4.24%,52.05,3.22,3.17,1.26,11.63%,4.50%,29.33%
EUR,Healthcare Support Services,42,14.98%,11.11%,76.72,1.38,0.66,1.01,9.88%,8.34%,29.35%
EUR,Heathcare Information and Technology,82,11.57%,8.48%,80.95,3.58,2.96,1.05,10.17%,7.14%,32.49%
EUR,Homebuilding,46,19.53%,14.18%,14.36,1.35,1.1,0.92,9.22%,5.38%,44.71%
EUR,Hospitals/Healthcare Facilities,33,8.47%,6.32%,67.09,2.02,1.26,0.79,8.33%,4.21%,28.19%
EUR,Hotel/Gaming,113,12.90%,6.56%,31.67,1.52,1.2,0.88,8.96%,6.48%,29.86%
EUR,Household Products,73,30.16%,17.12%,29.16,4.67,2.52,0.83,8.58%,7.69%,28.68%
EUR,Information Services,28,25.48%,21.67%,69.41,8.46,5.03,1.04,10.10%,1.44%,39.47%
EUR,Insurance (General),45,10.07%,5.38%,12.7,1.02,0.59,0.92,9.20%,3.67%,38.07%
EUR,Insurance (Life),20,10.31%,6.55%,9.39,0.9,0.47,0.99,9.71%,0.10%,40.41%
EUR,Insurance (Prop/Cas.),17,11.14%,6.58%,12.94,1.39,1.64,0.74,7.91%,0.50%,51.95%
EUR,Investments & Asset Management,327,13.07%,7.90%,21.64,1.37,2.54,0.86,8.81%,7.97%,34.54%
EUR,Machinery,208,28.80%,20.32%,20.69,2.94,1.28,1.18,11.09%,5.25%,30.64%
EUR,Metals & Mining,96,13.56%,6.23%,23.07,1.34,0.75,1.39,12.54%,4.19%,36.42%
EUR,Office Equipment & Services,26,10.12%,2.87%,18.46,2.1,0.86,1.04,10.06%,13.57%,20.05%
EUR,Oil/Gas (Integrated),14,11.06%,5.18%,25.01,1.16,0.63,1.46,13.08%,0.06%,37.46%
EUR,Oil/Gas (Production and Exploration),116,-7.32%,-7.29%,33.58,0.8,1.92,1.53,13.55%,2.77%,45.24%
EUR,Oil/Gas Distribution,27,6.21%,-0.85%,105.67,1.41,2.74,1.18,11.09%,2.49%,28.97%
EUR,Oilfield Svcs/Equip.,69,1.59%,-1.93%,18.16,1.2,0.55,1.44,12.91%,1.08%,31.37%
EUR,Packaging & Container,52,15.87%,8.31%,14.91,2.19,0.81,0.89,9.04%,11.27%,22.53%
EUR,Paper/Forest Products,40,13.15%,6.69%,13.17,1.45,1,1.15,10.89%,2.87%,26.17%
EUR,Power,66,5.92%,0.21%,14.31,1.14,0.77,1.02,9.93%,5.57%,19.07%
EUR,Precious Metals,47,-16.75%,-16.70%,18.19,1.27,1.36,1.07,10.28%,1.14%,38.73%
EUR,Publishing & Newspapers,85,16.42%,10.79%,32.81,1.8,1.08,0.86,8.77%,6.70%,30.27%
EUR,R.E.I.T.,151,8.64%,3.95%,158.75,0.74,6.98,0.61,6.99%,4.09%,42.71%
EUR,Real Estate (Development),58,9.09%,5.33%,14.21,0.96,1.48,0.88,8.94%,15.96%,25.20%
EUR,Real Estate (General/Diversified),65,13.32%,11.90%,147.18,1.12,3.04,0.76,8.06%,11.14%,26.06%
EUR,Real Estate (Operations & Services),216,14.66%,11.30%,14.72,0.81,4.89,0.59,6.90%,5.92%,29.24%
EUR,Recreation,54,11.76%,5.17%,33.27,2.85,1.62,0.94,9.34%,4.53%,35.76%
EUR,Reinsurance,4,6.13%,1.49%,45.09,1.05,0.59,0.81,8.44%,0.25%,34.65%
EUR,Restaurant/Dining,40,15.50%,7.65%,26.51,3.14,0.9,0.74,7.97%,3.26%,50.72%
EUR,Retail (Automotive),26,13.88%,6.99%,10.9,1.62,0.22,0.83,8.60%,14.10%,43.88%
EUR,Retail (Building Supply),22,6.25%,2.21%,10.3,0.79,0.35,0.76,8.09%,6.67%,40.04%
EUR,Retail (Distributors),113,16.91%,11.71%,17.01,1.78,0.52,0.89,9.03%,12.29%,36.09%
EUR,Retail (General),17,-4.17%,-4.11%,27.41,1.07,0.18,0.73,7.91%,0.25%,38.44%
EUR,Retail (Grocery and Food),28,9.14%,3.83%,16.3,1.24,0.3,0.77,8.13%,1.99%,32.02%
EUR,Retail (Online),76,0.82%,-0.96%,242.42,3.08,1.6,1.25,11.57%,7.28%,32.25%
EUR,Retail (Special Lines),72,13.92%,3.16%,65.28,3.15,0.97,1,9.82%,11.12%,31.34%
EUR,Rubber& Tires,8,15.51%,10.19%,12.59,1.4,0.84,0.98,9.62%,0.08%,24.79%
EUR,Semiconductor,31,18.33%,15.93%,25.33,2.27,1.97,1.65,14.40%,1.44%,43.56%
EUR,Semiconductor Equip,19,17.71%,12.44%,26.2,4.14,4.15,2.04,17.15%,3.28%,33.78%
EUR,Shipbuilding & Marine,61,8.18%,5.29%,24.54,0.94,0.65,1.31,12.03%,11.47%,19.75%
EUR,Shoe,8,8.28%,5.71%,24.26,2.83,1.29,1.41,12.68%,0.00%,23.26%
EUR,Software (Entertainment),37,43.37%,34.65%,52.59,6.15,5.51,1.07,10.25%,5.93%,31.09%
EUR,Software (Internet),25,-12.58%,-12.57%,68.67,3.53,2.15,0.81,8.45%,15.84%,26.27%
EUR,Software (System & Application),246,14.77%,8.55%,113.2,3.85,4.05,1.1,10.51%,8.84%,33.30%
EUR,Steel,52,13.02%,10.24%,41.08,0.73,0.34,1.35,12.28%,14.72%,22.88%
EUR,Telecom (Wireless),13,-7.25%,-7.10%,62.04,1.01,1.14,1.03,10.01%,0.10%,27.49%
EUR,Telecom. Equipment,56,-9.88%,-9.81%,36.54,2.12,1.22,1.34,12.19%,11.22%,26.37%
EUR,Telecom. Services,83,9.32%,0.02%,27.23,1.69,1.08,0.88,8.96%,10.69%,29.04%
EUR,Tobacco,6,1.20%,1.04%,11.1,1.21,1.99,0.5,6.24%,4.34%,47.31%
EUR,Transportation,40,10.59%,2.02%,21.55,0.92,0.52,0.92,9.20%,14.93%,24.15%
EUR,Transportation (Railroads),6,10.92%,6.88%,14.12,1.16,0.53,0.89,9.03%,0.25%,43.64%
EUR,Trucking,30,12.80%,8.87%,14.88,1.87,0.57,1,9.77%,7.08%,43.18%
EUR,Utility (General),20,10.75%,1.28%,17.1,1.17,0.53,0.73,7.84%,0.09%,34.35%
EUR,Utility (Water),11,14.16%,5.64%,12.66,1.88,2.36,0.78,8.22%,0.49%,39.53%
EMG,Advertising,91,4.06%,-2.26%,38.62,2.02,1.11,1.4,14.66%,21.39%,13.66%
EMG,Aerospace/Defense,82,7.11%,2.87%,55.26,2.18,1.57,1.18,12.79%,16.00%,13.72%
EMG,Air Transport,87,8.12%,1.87%,34.18,1.48,0.87,0.99,11.16%,5.06%,14.39%
EMG,Apparel,898,5.02%,0.20%,31.65,1.67,0.89,0.82,9.71%,15.87%,8.84%
EMG,Auto & Truck,81,10.23%,6.00%,28.02,1.1,0.55,1.47,15.33%,5.10%,15.48%
EMG,Auto Parts,453,8.91%,4.80%,33.25,1.51,0.88,1.22,13.15%,15.84%,10.03%
EMG,Bank (Money Center),463,12.68%,8.86%,15.1,1.11,3.69,0.67,8.44%,0.67%,15.80%
EMG,Banks (Regional),82,35.65%,31.70%,15.45,0.64,1.45,0.8,9.59%,3.29%,14.69%
EMG,Beverage (Alcoholic),114,19.77%,9.20%,36.34,4.68,4.93,1.01,11.33%,15.01%,12.15%
EMG,Beverage (Soft),35,13.10%,7.88%,30.95,2.02,1.52,0.58,7.70%,3.47%,13.90%
EMG,Broadcasting,59,5.76%,2.64%,90.01,1.6,1.99,0.86,10.08%,5.80%,14.13%
EMG,Brokerage & Investment Banking,392,6.30%,0.47%,177.56,1.07,3.1,1.1,12.12%,11.70%,10.25%
EMG,Building Materials,213,7.53%,4.21%,61.08,1.15,0.93,0.96,10.91%,13.79%,10.14%
EMG,Business & Consumer Services,240,10.89%,4.08%,57.95,2.32,1.27,1.21,13.11%,20.67%,10.84%
EMG,Cable TV,32,43.90%,41.69%,17.2,2.32,5.45,1.07,11.85%,10.74%,14.80%
EMG,Chemical (Basic),605,14.28%,7.78%,61.39,1.47,1.16,1.06,11.79%,13.74%,9.26%
EMG,Chemical (Diversified),35,8.67%,5.33%,25.51,1.56,1.49,1.01,11.36%,2.67%,21.26%
EMG,Chemical (Specialty),505,14.28%,7.30%,36.7,1.96,1.37,1.17,12.77%,14.14%,8.83%
EMG,Coal & Related Energy,108,15.52%,7.28%,38.34,0.99,0.94,1.3,13.82%,10.41%,11.46%
EMG,Computer Services,449,14.97%,9.03%,41.08,3.09,1.11,1.15,12.53%,16.44%,11.36%
EMG,Computers/Peripherals,209,18.62%,14.26%,38.05,1.19,0.64,1.52,15.76%,11.97%,9.48%
EMG,Construction Supplies,518,8.14%,3.41%,35.4,1.24,1.04,1.14,12.50%,9.11%,11.90%
EMG,Diversified,229,9.88%,7.54%,25.06,0.62,0.63,0.82,9.70%,8.58%,15.90%
EMG,Drugs (Biotechnology),179,2.81%,0.27%,176.67,4.55,9.25,1.43,14.98%,11.62%,11.30%
EMG,Drugs (Pharmaceutical),626,12.04%,8.03%,48.16,2.39,2.35,1.17,12.71%,12.72%,11.37%
EMG,Education,100,10.82%,6.11%,50.9,1.84,3.07,1.34,14.20%,16.66%,14.52%
EMG,Electrical Equipment,574,8.24%,3.86%,59.71,1.67,1.23,1.27,13.58%,15.07%,9.38%
EMG,Electronics (Consumer & Office),92,9.79%,5.99%,51.89,0.85,0.31,1.53,15.83%,11.31%,9.01%
EMG,Electronics (General),812,11.01%,6.44%,58.5,1.59,0.81,1.49,15.50%,15.45%,9.70%
EMG,Engineering/Construction,797,10.49%,4.14%,68.96,0.93,0.38,1.26,13.48%,18.14%,12.29%
EMG,Entertainment,286,4.21%,0.93%,153.45,2.07,3.14,1.43,14.97%,15.71%,8.96%
EMG,Environmental & Waste Services,117,9.79%,4.73%,30.38,1.71,2.28,1.25,13.40%,13.56%,9.88%
EMG,Farming/Agriculture,284,5.74%,2.53%,35.93,1.32,0.78,0.84,9.88%,12.72%,10.60%
EMG,Financial Svcs. (Non-bank & Insurance),559,13.70%,7.04%,80.64,1.76,2.92,0.78,9.36%,10.44%,14.67%
EMG,Food Processing,829,9.58%,3.45%,61.61,2.37,1.11,0.82,9.71%,13.31%,10.99%
EMG,Food Wholesalers,82,7.18%,2.74%,50.25,1.23,0.41,0.9,10.39%,16.90%,9.74%
EMG,Furn/Home Furnishings,218,20.51%,14.38%,27.56,2.18,1.03,1.06,11.75%,19.03%,11.91%
EMG,Green & Renewable Energy,90,12.83%,2.94%,82.34,1.6,3.68,1.06,11.81%,9.79%,12.40%
EMG,Healthcare Products,198,14.24%,9.04%,59.62,3.49,3.99,1.34,14.20%,17.62%,10.15%
EMG,Healthcare Support Services,134,13.98%,8.09%,56.2,2.12,0.68,1.14,12.50%,21.22%,12.38%
EMG,Heathcare Information and Technology,83,5.36%,3.70%,106.64,5.91,9.61,1.78,17.94%,12.19%,9.63%
EMG,Homebuilding,34,4.00%,-2.87%,12.26,1.46,1.19,0.98,11.11%,11.06%,23.43%
EMG,Hospitals/Healthcare Facilities,107,3.80%,-0.24%,35.81,2.7,2.83,0.85,10.00%,12.67%,14.13%
EMG,Hotel/Gaming,396,9.80%,5.50%,93.92,1.61,2.06,0.94,10.75%,11.59%,11.99%
EMG,Household Products,257,17.62%,8.32%,68.09,5.4,3.19,0.99,11.19%,17.31%,10.38%
EMG,Information Services,70,20.58%,9.41%,47.31,2.94,2.84,1.19,12.89%,14.47%,14.49%
EMG,Insurance (General),140,10.86%,4.62%,19.12,1.73,0.92,0.52,7.12%,9.51%,16.97%
EMG,Insurance (Life),71,15.19%,10.96%,16.77,1.48,0.91,0.91,10.46%,0.73%,20.02%
EMG,Insurance (Prop/Cas.),138,10.13%,7.41%,21.22,1.03,0.56,0.47,6.75%,5.50%,23.83%
EMG,Investments & Asset Management,334,8.23%,1.65%,127.47,0.8,2.2,0.87,10.19%,14.13%,16.46%
EMG,Machinery,723,7.26%,3.10%,45.57,1.65,1.33,1.24,13.34%,15.26%,8.96%
EMG,Metals & Mining,311,9.22%,3.13%,45.59,1.29,0.86,1.42,14.85%,9.45%,10.32%
EMG,Office Equipment & Services,72,7.58%,3.59%,40.42,2.3,1.28,0.84,9.87%,20.88%,7.45%
EMG,Oil/Gas (Integrated),24,10.47%,6.83%,25.15,0.68,0.44,1.19,12.87%,4.49%,12.24%
EMG,Oil/Gas (Production and Exploration),133,5.11%,0.09%,51.23,1.16,1.9,1.62,16.62%,3.71%,17.35%
EMG,Oil/Gas Distribution,84,5.23%,0.03%,62.12,1.26,0.55,1.27,13.60%,14.08%,17.80%
EMG,Oilfield Svcs/Equip.,236,12.12%,6.96%,54.39,1.62,0.56,1.4,14.68%,12.05%,11.99%
EMG,Packaging & Container,278,8.67%,5.11%,260.5,1.6,1.09,0.8,9.54%,16.70%,9.64%
EMG,Paper/Forest Products,194,10.51%,6.58%,50.87,1.3,0.98,0.97,10.99%,10.32%,9.83%
EMG,Power,360,8.52%,2.23%,26.23,1.08,1.06,0.85,9.99%,4.32%,11.84%
EMG,Precious Metals,89,7.15%,1.59%,55.13,1.85,1.24,1.44,15.05%,7.75%,19.85%
EMG,Publishing & Newspapers,170,8.11%,4.37%,60.09,1.79,2.29,1.06,11.76%,13.80%,10.89%
EMG,R.E.I.T.,203,11.31%,5.40%,31.87,0.87,8.47,0.44,6.47%,1.45%,30.48%
EMG,Real Estate (Development),701,15.33%,7.84%,55.84,0.78,1,1.21,13.04%,15.06%,10.57%
EMG,Real Estate (General/Diversified),262,9.74%,7.03%,28.89,0.65,2.71,1.09,12.07%,16.09%,12.11%
EMG,Real Estate (Operations & Services),297,10.64%,7.63%,54.3,0.78,4.66,0.86,10.09%,10.74%,13.52%
EMG,Recreation,133,7.74%,2.38%,61.51,1.45,1.79,0.98,11.10%,11.79%,8.59%
EMG,Reinsurance,30,7.08%,4.12%,11.74,1.07,0.96,0.96,10.96%,1.46%,41.24%
EMG,Restaurant/Dining,126,17.38%,8.18%,58.02,4.23,1.64,1.1,12.09%,13.22%,15.31%
EMG,Retail (Automotive),87,15.23%,5.13%,26.58,1.47,0.32,1.05,11.68%,14.86%,10.65%
EMG,Retail (Building Supply),23,15.88%,6.72%,22.82,3.84,1.14,1.24,13.34%,7.43%,15.42%
EMG,Retail (Distributors),575,7.11%,1.53%,92.29,0.96,0.29,0.94,10.71%,17.06%,10.54%
EMG,Retail (General),136,8.89%,5.03%,58.13,1.63,0.75,1.13,12.39%,14.88%,14.79%
EMG,Retail (Grocery and Food),64,17.97%,7.70%,38.76,3.52,0.76,0.83,9.83%,13.73%,17.06%
EMG,Retail (Online),60,-134.38%,-133.85%,646.68,2.59,2.36,1.33,14.09%,14.74%,15.93%
EMG,Retail (Special Lines),163,10.08%,4.73%,33.23,1.79,0.68,1.18,12.83%,18.80%,14.80%
EMG,Rubber& Tires,74,6.89%,3.79%,24.38,1.28,0.79,0.87,10.14%,11.87%,10.50%
EMG,Semiconductor,399,19.53%,12.47%,59.7,1.93,2.14,1.71,17.36%,10.86%,10.82%
EMG,Semiconductor Equip,183,14.85%,10.51%,56.7,1.57,1.25,1.84,18.47%,18.34%,10.00%
EMG,Shipbuilding & Marine,231,7.15%,2.76%,45.95,0.99,1.4,1.07,11.90%,8.41%,13.36%
EMG,Shoe,60,10.28%,3.69%,21.66,1.87,1.11,0.98,11.09%,10.81%,12.36%
EMG,Software (Entertainment),40,28.12%,25.74%,138.82,6.44,7.69,1.79,18.09%,19.97%,16.63%
EMG,Software (Internet),30,9.36%,4.76%,35.22,3.1,1.15,0.88,10.28%,16.51%,12.61%
EMG,Software (System & Application),335,11.65%,8.88%,77.87,3.26,3.65,1.41,14.77%,16.61%,12.82%
EMG,Steel,508,6.59%,3.45%,33.97,0.94,0.58,1.21,13.04%,12.20%,9.46%
EMG,Telecom (Wireless),60,8.64%,1.37%,37.15,1.52,1.43,0.99,11.20%,8.07%,13.60%
EMG,Telecom. Equipment,296,3.52%,-0.06%,78.64,2.23,1.4,1.45,15.16%,13.83%,10.03%
EMG,Telecom. Services,128,10.56%,2.09%,83.41,1.54,1.43,0.99,11.16%,10.19%,14.14%
EMG,Tobacco,27,35.37%,12.53%,58.31,8.33,4.83,0.82,9.75%,11.04%,15.76%
EMG,Transportation,176,12.66%,6.89%,30.17,1.4,0.95,1.11,12.20%,14.22%,12.21%
EMG,Transportation (Railroads),11,11.40%,7.30%,23.51,1.52,2.63,1.45,15.14%,1.29%,19.21%
EMG,Trucking,100,8.56%,4.71%,27.43,1.51,1,0.94,10.76%,13.74%,10.80%
EMG,Utility (General),10,6.98%,2.54%,65.26,0.75,0.99,1.12,12.32%,1.04%,7.55%
EMG,Utility (Water),66,9.85%,6.54%,38.88,1.27,2.4,1.11,12.18%,5.14%,15.68%
